<?xml version="1.0" encoding="UTF-8"?>
<root>
  <item name="it.gmariotti.cardslib.library.cards.actions.BaseSupplementalAction BaseSupplementalAction(android.content.Context, int) 1">
    <annotation name="android.support.annotation.IdRes" />
  </item>
  <item name="it.gmariotti.cardslib.library.cards.actions.BaseSupplementalAction mActionId">
    <annotation name="android.support.annotation.IdRes" />
  </item>
  <item name="it.gmariotti.cardslib.library.cards.actions.IconSupplementalAction IconSupplementalAction(android.content.Context, int) 1">
    <annotation name="android.support.annotation.IdRes" />
  </item>
  <item name="it.gmariotti.cardslib.library.cards.actions.TextSupplementalAction TextSupplementalAction(android.content.Context, int) 1">
    <annotation name="android.support.annotation.IdRes" />
  </item>
</root>

