<?xml version="1.0" encoding="UTF-8"?>
<root>
  <item name="it.gmariotti.cardslib.library.recyclerview.internal.BaseRecyclerViewAdapter mRowLayoutId">
    <annotation name="android.support.annotation.LayoutRes" />
  </item>
  <item name="it.gmariotti.cardslib.library.recyclerview.internal.BaseRecyclerViewAdapter mRowLayoutIds">
    <annotation name="android.support.annotation.LayoutRes" />
  </item>
  <item name="it.gmariotti.cardslib.library.recyclerview.internal.BaseRecyclerViewAdapter void setRowLayoutId(int) 0">
    <annotation name="android.support.annotation.LayoutRes" />
  </item>
  <item name="it.gmariotti.cardslib.library.recyclerview.internal.BaseRecyclerViewAdapter void setRowLayoutIds(int[]) 0">
    <annotation name="android.support.annotation.LayoutRes" />
  </item>
</root>

